<?xml version="1.0" encoding="UTF-8"?>

<beans xmlns = "http://www.springframework.org/schema/beans"
   xmlns:xsi = "http://www.w3.org/2001/XMLSchema-instance"
   xsi:schemaLocation = "http://www.springframework.org/schema/beans
   http://www.springframework.org/schema/beans/spring-beans-3.0.xsd">
   
<bean id="colBean" class="ex.College" scope="prototype" autowire="byName">
	<property name="regno" value="p001" ></property>
	<property name="name" value="kit" ></property>
	<property name="addr" value="orrisa" ></property>
	<property name="phn" value="895632" ></property>
</bean>
<bean id="s" class="ex.Student" scope="prototype">
<property name="regno" value="s001"></property>
<property name="name" value="ravi" ></property>
<property name="addr" value="kolkata" ></property>
<property name="phn" value="658974" ></property>
<property name="age" value="22" ></property>
</bean>
<bean id="t" class="ex.Teacher" scope="prototype">
<property name="regno" value="t001" ></property>
<property name="name" value="akash" ></property>
<property name="addr" value="new town" ></property>
<property name="phn" value="758974" ></property>
<property name="age" value="42" ></property>
<property name="dept" value="cse" ></property>

</bean>
</beans>