<?xml version="1.0" encoding="UTF-8"?>
<beans xmlns = "http://www.springframework.org/schema/beans"
   xmlns:xsi = "http://www.w3.org/2001/XMLSchema-instance"
   xsi:schemaLocation = "http://www.springframework.org/schema/beans
   http://www.springframework.org/schema/beans/spring-beans-3.0.xsd">
   
   <bean id="snkBean" class="collecton.SnacksBar">
   	<property name="chocolates">
   		<list>
   			<value>Dairy milk</value>
   			<value>perk</value>
   			<value>Milky Bar</value>
   			<value>snikers</value>
   		</list>
   	</property>
   <property name="hotDrinks">
   	<set>
   		<value>coffee</value>
   		<value>hot chocolate shake</value>
   		<value>milk shake</value>
   		<value>oreo milk shake</value>
   	</set>
   </property>
   <property name="bhel">
   	<map>
   		<entry key="1" value="corn bhel"></entry>
   		<entry key="2" value="matki bhel"></entry>
   		<entry key="3" value="oli bhel"></entry>
   	</map>
   </property>
   </bean>
   </beans>